HospitalName,Speciality,HospitalImage,Location,Description
"Surya Hospital, Mumbai","Women & Child care, IVF","https://www.indicure.com/assets/img/best-hospitals/Mumbai/Surya-Hospital-Mumbai.webp","Mumbai","Surya Hospitals in Mumbai stand at the forefront of pioneering innovative Mother & Child Care services, dedicated to bringing cutting-edge facilities. With a commitment to excellence, the hospital is equipped to deliver top-notch care to patients, especially women and children, ensuring adherence to rigorous standards of quality and safety at every stage of treatment.With an experience of over three decades, the hospitals have embraced the most recent medical breakthroughs and state-of-the-art technology to guarantee superior clinical results and patient satisfaction. Originating as a humble 22-bed pediatric nursing home in Mumbai, the organization has evolved into a network of hospitals with a bed capacity of 200+, emerging as one of Asia's most rapidly expanding single-specialty hospital chains, with intentions to establish new facilities across multiple cities of India."
"Rainbow Children's Hospital, Hyderabad","Multi-Superspeciality","https://www.indicure.com/assets/img/best-hospitals/Hyderabad/Rainbow-Children_s-Hospital-and-BirthRight-by-Rainbow,-Hyderabad.jpg.webp","Hyderabad","Rainbow Hospital, India's first corporate children's hospital, opened on November 14, 1999.Hyderabad, Telangana, Banglore, Vijayawada, and New Delhi are among the 12 places where the Rainbow group has established its hospitals.It was also the first private children's hospital in India to be accredited by the NABH. For the past 19 years, the hospital has performed 9000 deliveries per year. In addition, the hospital treats roughly 1800 premature newborns each year.In 2018, it was named the best fertility hospital in South India. The IVF treatment unit has had the highest success rate in the country so far.On an yearly basis, the team treats roughly 30,000 patients. Every year, the surgeons perform about 2500 procedures, with 75 percent of them being performed laparoscopically."
"Fortis La Femme, Vasant Kunj, Delhi","Multi-Speciality","https://www.indicure.com/assets/img/2022/02/Fortis-La-Femme-New-Delhi.jpg.webp","Delhi","Fortis La Femme, founded in 2004, is a multi-specialty hospital that provides care for all periods of a woman's life, including birth, motherhood, menopause, and beyond.The hospital was named the winner of the 'Most Popular Maternity Hospitals' category in Child magazine's Most Popular Awards 2013. More than 11,000 deliveries and 7,500 Gynaecology operations have been performed."
"Fortis Hiranandani Hospital, Vashi, Mumbai","Multi-Superspeciality","https://www.indicure.com/assets/img/best-hospitals/Mumbai/Fortis-Hiranandani-Hospital,-Vashi.jpg.webp","Mumbai","Fortis Hiranandani Hospital, which was opened in 2007, is a multi-specialty hospital that provides a wide range of innovative medical services.The hospital has been awarded the President of India's National Energy Conservation Award. The SRL-NABL accredited pathology laboratory at Hiranandani Hospital is the only one in the city.It offers a wide range of medical services, including orthopedics, cardiology, neurology, pediatrics, urology, nephrology, ENT, and obstetrics and gynecology."
"Apollo Cradle Royale, Nehru Place, Delhi","Women & child care, IVF","https://www.indicure.com/assets/img/best-hospitals/Delhi/Apollo-Cradle-Maternity-Childrens-Hospital-Nehru-Place-1.jpg.webp","New Delhi","Apollo Cradle Royale in Delhi excels in Gynaecology, Maternity, Paediatrics, Paediatric Surgery, and Neonatology, serving as a centre of excellence in these specialized healthcare areas.Spanning an expansive 35,000 square feet, Apollo Cradle is a premium healthcare facility that provides a wide range of services. The hospital offers procedures such as IVF, IUI, fertilization, IVF-ET, IUD placement, laparoscopic sterilization, complex pregnancy treatment, gynecological endoscopy/laparoscopy, abdominal hysterectomy, clitoral hood reduction, and hysterectomy (both abdominal and vaginal).Apollo Cradle boasts an advanced level III Neonatal Intensive Care Unit (NICU) that offers top-notch care. Additionally, for women requiring emergency care, there is an additional Intensive Care Unit (ICU)."
"Apollo Specialty Hospital, OMR, Chennai","Multi-Superspeciality","https://www.indicure.com/assets/img/best-hospitals/Chennai/Apollo-Specialty-Hospital,-OMR.jpg.webp","Chennai","OMR, which was founded in 2017, is Asia's top healthcare services provider, serving more than 150 million patients in 140 countries. Residents of OMR and the surrounding area benefit from the NABH-accredited healthcare provider's tertiary healthcare services.Cardiology, Cardiothoracic Surgery, Neurology, and Trauma are among the medical specialties offered at the hospital."
"Saifee Hospital, Mumbai","Multi-Superspeciality","https://www.indicure.com/assets/img/best-hospitals/Mumbai/Saifee-Hospital,-Mumbai.jpg.webp","Mumbai","Saifee Hospital was founded in 2005 and is ISO and NABL accredited. There was an old Saifee Hospital that has been in operation since 1948. In 2001, work on a new hospital on the site of an old one began. The new hospital was inaugurated in June 2005 in the presence of Dr. Manmohan Singh, India's former Prime Minister.This hospital was named after Syedna Mohammad Burhanuddin's father, Syedna Taher Saifuddin.This multi-specialty hospital offers a wide range of services, from easy Day-care treatments to acute care emergency medicine and sophisticated Cardiac surgery. It has India's first LASIK (advanced laser eye surgery) suite."
"Apollo Spectra Hospital, Bangalore","Multi-Speciality","https://www.indicure.com/assets/img/best-hospitals/Bangalore/Apollo-Spectra,-Bangalore.jpg.webp","Bangalore","Apollo Spectra Hospital - Koramangala provides top-notch medical services with all the bells and whistles. The hospital, with a capacity of 20 beds, is dedicated to providing world-class medical services.Orthopedics & Spine, Varicose Veins, Urology, Bariatric Surgery, ENT, General and Laparoscopic Surgery, and more surgical specialties are available at the facility. The hospital uses sophisticated technologies to give tailored care for speedier recovery and minimal infection risk, thanks to its world-class infrastructure and top doctors."
"La Midas Hospital, Gurgaon","Specializes in Aesthetic Surgery","https://www.indicure.com/assets/img/best-hospitals/Gurgaon/La Midas, Gurgaon.jpg.webp","Gurgaon","La Midas is an internationally acclaimed and award-winning aesthetic surgery clinic. The medical team at the hospital is committed to providing the finest quality aesthetic and plastic surgery services in Gurgaon and Delhi NCR.Through excellent and innovative aesthetic services, the clinic aims to provide its patients with the best treatment and care in the fields of beauty, health, and wellness. At reasonable pricing, the clinic provides a full range of non-surgical and surgical aesthetic treatments for the hair, skin, and body.La Midas, has garnered the reputation of using state of the art equipment that has been certified by the US Food and Drug Administration and for providing a tailored treatment plan. It provides aesthetic surgery treatments using cutting-edge equipment and technology."
"Neelkanth Hospital, Gurgaon","Multi-Speciality","https://www.indicure.com/assets/img/best-hospitals/Gurgaon/Neelkanth Hospitals, Gurgaon.jpg.webp","Gurgaon","Neelkanth Hospital stands as a leading IVF and gynaecology centre with locations in Gurgaon, Delhi, and Patna. Dr. Bindu Garg, the Medical Director, spearheads the IVF center in Gurgaon, delivering specialized services to enhance the well-being of the patient community.As a highly reputable and relied-upon gynaecology and IVF centre, the hospital boasts state-of-the-art technologies and a team of exceptionally experienced experts. The team has consistently delivered superior and precise fertility treatments. The hospital's primary focus is on the overall health and well-being of every patient, ensuring a secure and nurturing environment, prioritizing the care and comfort of patients served."
"Cloud Nine Hospital, Mumbai","Gynecology & Pediatrics","https://www.indicure.com/assets/img/2022/02/Cloudline-Hospital-Mumbai.jpg.webp","Mumbai","The Cloud Nine Hospital specializes in IVF, Gynecology and Pediatrics. The clinic has 2 branches in Mumbai- Malad & Vashi. The hospital started its services in 2015 in Malad as a fertility hospital with an emphasis on assisting patients throughout the full pregnancy process, from conception to delivery and child care.Other than Assisted Reproductive Technology (ART), the hospital provides services in gynecology, pediatrics, physiotherapy, nutrition and dietetics, stem cell banking, acute care, cosmetology, neonatal care, breastfeeding assistance, and other related services.Video consultation, home vaccination, sample collection from home, home delivery of medications, online consultation, flu shots at home, and online consultation for breastfeeding and mental health are among the additional options available. It is a leading supplier of prenatal physical therapy."
"Apollo Spectra Hospital, Chembur, Mumbai","Multi-Speciality","https://www.indicure.com/assets/img/best-hospitals/Mumbai/Apollo-Spectra-Hospital,-Chembur.jpg.webp","Mumbai","Apollo Spectra is a state-of-the-art specialty hospital. It is dedicated to bringing together excellent medical services and the finest healthcare management techniques. Bariatric Surgery, ENT specialties including Thyroid Surgery, General & Laparoscopic Surgery, Orthopedics & Spine surgery, Urology, and Varicose Veins, to name a few, are among the surgical specialties offered at the hospital.The hospital has 4 ultra-modern modular OTs, a state-of-the-art rehabilitation centre, an in-house pharmacy, and a waiting lounge for in-patients' families, to mention a few amenities. Over 125 healthcare experts, including 90 specialty specialists, are dedicated to setting a new standard in healthcare services with the single-minded goal of providing uncomplicated quality healthcare.The best part is the personalized services and care one can expect at the hospital, dedicated only to clean and elective surgeries, making it one of the most unique and best hospitals in Mumbai."
"W Pratiksha Hospital, Gurgaon","Multi-Superspeciality","https://www.indicure.com/assets/img/best-hospitals/Gurgaon/W Pratiksha Hospital, Gurgaon.jpg.webp","Gurgaon","W Pratiksha Hospital opened its doors in 1995 and is the Pratiksha group's flagship hospital. The company operates three hospitals and several clinics in India.The hospital treats more than 25,000 patients annually, including more than 6000 joint replacements, 1,500 IVF procedures, 2000 births, 5000 Arthroscopic ACL Reconstructions, and 1000 premature neonates receiving critical care.Dr. Pramod Kumar Sharma, the chairman of the Pratiksha Group, is a pioneer in the field of IVF treatment. More than 5500 IVF success stories have been documented at the facility."
"Metro Hospital, Noida","Multi-Superspeciality","https://www.indicure.com/assets/img/best-hospitals/Delhi/Metro-Hospital,-Noida.jpg.webp","New Delhi (NCR)","Metro hospitals & heart institute, a 317-bed state-of-the-art super specialty hospital with a specialized 110-bed metro heart institute and 207-bed metro multispeciality hospital, is one of the best hospitals in Noida. In addition to inpatient, outpatient, and emergency care, Metro Hospital offers a wide range of world-class health services.Dr. Purshotam Lal (chairman of the Metro group of hospitals) created Metro multispeciality hospital in 1998 with the goal of providing comprehensive healthcare at a reasonable price. Cardiology, pulmonology, neurology, orthopedics, gynecology & obstetrics, neonatology, pediatrics, ENT, and other specialties are among the services provided by Metro hospitals."
"Apollo Spectra Hospital, Hyderabad","Multi-Speciality","https://www.indicure.com/assets/img/best-hospitals/Hyderabad/Apollo-Spectra-Hospital,-Hyderabad.jpg.webp","Hyderabad","Apollo Spectra Hospital is a multi-specialty hospital in Hyderabad that offers world-class medical care.The hospital, which has a capacity of 21 beds, provides expert care in a variety of specialties, including urology, orthopedics and spine surgery, ENT, bariatric surgery, and ENT.Ophthalmology, gastroenterology, general medicine, and plastic and cosmetic surgery are among the medical disciplines offered at the facility."
"Miracles Mediclinic Hospital, Gurgaon","Multi-Speciality","https://www.indicure.com/assets/img/best-hospitals/Gurgaon/Miracle Mediclinic Hospital, Gurgaon.jpg.webp","Gurgaon","Miracles Mediclinic, which is NABL accredited, is a well-known hospital in Gurgaon. Miracles has three locations in Gurgaon and plans to build ten more in the next two years. It is well-known for the high quality of service and patient care it provides.The hospital is dedicated to providing the best individualized health care to meet the needs of individual patients. Cardiology, Endocrinology, Gynecology, Obstetrics, Internal Medicine, Orthopedics, Pediatrics, and ENT are among his specialties. Miracles IVF provides a full variety of fertility services all in one location.At the 2015 Worldwide Achievers Healthcare Excellence Summit & Awards, the hospital received the 'Best Multi-Specialty Mediclinic Award.'"
"Fortis La Femme, Richmond Town, Bangalore","Multi-Speciality","https://www.indicure.com/assets/img/best-hospitals/Bangalore/Fortis-La-Femme,-Bangalore.jpg.webp","Bangalore","Fortis La Femme is a 72-bed boutique institution in Richmond Town Bengaluru dedicated to women's and children's care. The hospital is India's top healthcare provider for women at all periods of their lives, including pregnancy, adolescence, motherhood, menopause, and beyond.The hospital defies stereotypes by positioning itself as a comprehensive 'Women's Health' provider. There are a variety of room options available at Fortis La Femme to suit any budget. Room options include General Ward, Twin Sharing, Single Deluxe, Suite, and Presidential Suite.Mamma Mia is known for providing unique prenatal and postnatal care to all expectant women through a variety of services such as Yoga, Lamaze, Exercise, Reflexology, and other services. The hospital also houses the Amaara Human Milk Bank, the world's first and only non-profit human breast milk bank, which opened in October 2017."
"Sparsh Hospital, Yeshwanthpur","Multi-Superspeciality","https://www.indicure.com/assets/img/best-hospitals/Bangalore/Sparsh-Hospital,-Bangalore.jpg.webp","Bangalore","Sparsh Group of Hospitals is accredited by NABH and has four locations in Bangalore: Yeshwanthpur, Infantry Road, Bommasandra, and Davanagere. Yeshwanthpur's branch is a super speciality with 17+ departments, and is recognised for sophisticated procedures. Its initial branch opened in Bommasandra in 2006, and it's super-specialty branch (SPARSH Super Speciality Hospital) opened in Yeshwanthpur in 2015."
